{"cameraMode":{"drawMode":0,"name":"Shaded","section":"Shading Mode"},"sceneLighting":true,"audioPlay":false,"sceneViewState":{"showFog":true,"showMaterialUpdate":false,"showSkybox":true,"showFlares":true,"showImageEffects":true,"showParticleSystems":true},"in2DMode":false,"pivot":{"x":0.9253957271575928,"y":1.5253942012786866,"z":-7.179242134094238},"rotation":{"x":-0.2424861490726471,"y":0.4857425391674042,"z":-0.14231261610984803,"w":-0.8276483416557312},"size":0.7202059626579285,"orthographic":false}