{"cameraMode":{"drawMode":0,"name":"Shaded","section":"Shading Mode"},"sceneLighting":true,"audioPlay":false,"sceneViewState":{"showFog":true,"showMaterialUpdate":false,"showSkybox":true,"showFlares":true,"showImageEffects":true,"showParticleSystems":true},"in2DMode":false,"pivot":{"x":4.517785549163818,"y":6.31350040435791,"z":-12.258323669433594},"rotation":{"x":0.19562992453575135,"y":-0.19562986493110658,"z":0.03985985368490219,"w":0.9601401686668396},"size":8.171977043151856,"orthographic":false}