{"cameraMode":{"drawMode":0,"name":"Shaded","section":"Shading Mode"},"sceneLighting":true,"audioPlay":false,"sceneViewState":{"showFog":true,"showMaterialUpdate":false,"showSkybox":true,"showFlares":true,"showImageEffects":true,"showParticleSystems":true},"in2DMode":false,"pivot":{"x":-0.31544941663742068,"y":0.9580836296081543,"z":-5.704733848571777},"rotation":{"x":0.3799630403518677,"y":-0.19208770990371705,"z":0.08098690211772919,"w":0.9012055993080139},"size":4.475194454193115,"orthographic":false}