{"cameraMode":{"drawMode":0,"name":"Shaded","section":"Shading Mode"},"sceneLighting":true,"audioPlay":false,"sceneViewState":{"showFog":true,"showMaterialUpdate":false,"showSkybox":true,"showFlares":true,"showImageEffects":true,"showParticleSystems":true},"in2DMode":false,"pivot":{"x":-0.5537052154541016,"y":1.9601290225982667,"z":-6.3087029457092289},"rotation":{"x":-0.005896759685128927,"y":0.19202516973018647,"z":-0.00115207489579916,"w":-0.9813715815544128},"size":3.079159736633301,"orthographic":false}